"filename", "language", "Shell Script", "Python", "Makefile", "C++", "HTML", "Properties", "comment", "blank", "total"
"/home/rfinneru/Codam/rank05/webserv/webserv/Makefile", "Makefile", 0, 0, 52, 0, 0, 0, 2, 10, 64
"/home/rfinneru/Codam/rank05/webserv/webserv/files/config_files/default.conf", "Properties", 0, 0, 0, 0, 0, 54, 0, 1, 55
"/home/rfinneru/Codam/rank05/webserv/webserv/files/response_files/201.html", "HTML", 0, 0, 0, 0, 11, 0, 0, 0, 11
"/home/rfinneru/Codam/rank05/webserv/webserv/files/response_files/404.html", "HTML", 0, 0, 0, 0, 54, 0, 0, 1, 55
"/home/rfinneru/Codam/rank05/webserv/webserv/files/response_files/cgi-bin/form.py", "Python", 0, 27, 0, 0, 0, 0, 2, 17, 46
"/home/rfinneru/Codam/rank05/webserv/webserv/files/response_files/cgi-bin/form_handler.py", "Python", 0, 23, 0, 0, 0, 0, 4, 4, 31
"/home/rfinneru/Codam/rank05/webserv/webserv/files/response_files/cgi-bin/infinity.py", "Python", 0, 2, 0, 0, 0, 0, 1, 1, 4
"/home/rfinneru/Codam/rank05/webserv/webserv/files/response_files/cgi-bin/test_cgi.py", "Python", 0, 9, 0, 0, 0, 0, 1, 2, 12
"/home/rfinneru/Codam/rank05/webserv/webserv/files/response_files/delete_test/delete.html", "HTML", 0, 0, 0, 0, 42, 0, 0, 3, 45
"/home/rfinneru/Codam/rank05/webserv/webserv/files/response_files/get_post_delete.html", "HTML", 0, 0, 0, 0, 52, 0, 0, 5, 57
"/home/rfinneru/Codam/rank05/webserv/webserv/files/response_files/get_request/GET_nested/test.html", "HTML", 0, 0, 0, 0, 26, 0, 0, 1, 27
"/home/rfinneru/Codam/rank05/webserv/webserv/files/response_files/get_request/GET_nested/total.html", "HTML", 0, 0, 0, 0, 12, 0, 0, 0, 12
"/home/rfinneru/Codam/rank05/webserv/webserv/files/response_files/get_request/test.html", "HTML", 0, 0, 0, 0, 47, 0, 0, 2, 49
"/home/rfinneru/Codam/rank05/webserv/webserv/files/response_files/hallo/alias.html", "HTML", 0, 0, 0, 0, 11, 0, 0, 1, 12
"/home/rfinneru/Codam/rank05/webserv/webserv/files/response_files/index.html", "HTML", 0, 0, 0, 0, 118, 0, 0, 10, 128
"/home/rfinneru/Codam/rank05/webserv/webserv/files/response_files/index_2.html", "HTML", 0, 0, 0, 0, 12, 0, 0, 0, 12
"/home/rfinneru/Codam/rank05/webserv/webserv/files/response_files/post_test/test.html", "HTML", 0, 0, 0, 0, 17, 0, 0, 1, 18
"/home/rfinneru/Codam/rank05/webserv/webserv/files/response_files/put_test.html", "HTML", 0, 0, 0, 0, 4, 0, 0, 0, 4
"/home/rfinneru/Codam/rank05/webserv/webserv/files/response_files/test.html", "HTML", 0, 0, 0, 0, 14, 0, 0, 1, 15
"/home/rfinneru/Codam/rank05/webserv/webserv/files/response_files/upload_file/upload.html", "HTML", 0, 0, 0, 0, 17, 0, 0, 1, 18
"/home/rfinneru/Codam/rank05/webserv/webserv/get.py", "Python", 0, 18, 0, 0, 0, 0, 0, 7, 25
"/home/rfinneru/Codam/rank05/webserv/webserv/include/CGI.hpp", "C++", 0, 0, 0, 14, 0, 0, 11, 4, 29
"/home/rfinneru/Codam/rank05/webserv/webserv/include/Colors.hpp", "C++", 0, 0, 0, 52, 0, 0, 17, 9, 78
"/home/rfinneru/Codam/rank05/webserv/webserv/include/Exceptions.hpp", "C++", 0, 0, 0, 41, 0, 0, 14, 11, 66
"/home/rfinneru/Codam/rank05/webserv/webserv/include/File.hpp", "C++", 0, 0, 0, 19, 0, 0, 11, 6, 36
"/home/rfinneru/Codam/rank05/webserv/webserv/include/HTTPHandler.hpp", "C++", 0, 0, 0, 69, 0, 0, 11, 7, 87
"/home/rfinneru/Codam/rank05/webserv/webserv/include/HttpStatusCodes.hpp", "C++", 0, 0, 0, 41, 0, 0, 11, 5, 57
"/home/rfinneru/Codam/rank05/webserv/webserv/include/Locations.hpp", "C++", 0, 0, 0, 60, 0, 0, 11, 7, 78
"/home/rfinneru/Codam/rank05/webserv/webserv/include/Logger.hpp", "C++", 0, 0, 0, 35, 0, 0, 11, 8, 54
"/home/rfinneru/Codam/rank05/webserv/webserv/include/Request.hpp", "C++", 0, 0, 0, 38, 0, 0, 11, 6, 55
"/home/rfinneru/Codam/rank05/webserv/webserv/include/Response.hpp", "C++", 0, 0, 0, 13, 0, 0, 11, 5, 29
"/home/rfinneru/Codam/rank05/webserv/webserv/include/Server.hpp", "C++", 0, 0, 0, 125, 0, 0, 11, 8, 144
"/home/rfinneru/Codam/rank05/webserv/webserv/include/Utils.hpp", "C++", 0, 0, 0, 13, 0, 0, 11, 3, 27
"/home/rfinneru/Codam/rank05/webserv/webserv/include/Webserv.hpp", "C++", 0, 0, 0, 67, 0, 0, 17, 10, 94
"/home/rfinneru/Codam/rank05/webserv/webserv/src/CGI/CGI.cpp", "C++", 0, 0, 0, 8, 0, 0, 11, 3, 22
"/home/rfinneru/Codam/rank05/webserv/webserv/src/Exceptions.cpp", "C++", 0, 0, 0, 26, 0, 0, 11, 5, 42
"/home/rfinneru/Codam/rank05/webserv/webserv/src/HTTPHandler.cpp", "C++", 0, 0, 0, 362, 0, 0, 23, 38, 423
"/home/rfinneru/Codam/rank05/webserv/webserv/src/Locations.cpp", "C++", 0, 0, 0, 198, 0, 0, 20, 22, 240
"/home/rfinneru/Codam/rank05/webserv/webserv/src/Logger.cpp", "C++", 0, 0, 0, 68, 0, 0, 12, 13, 93
"/home/rfinneru/Codam/rank05/webserv/webserv/src/Server.cpp", "C++", 0, 0, 0, 553, 0, 0, 18, 52, 623
"/home/rfinneru/Codam/rank05/webserv/webserv/src/ServerExecute.cpp", "C++", 0, 0, 0, 254, 0, 0, 11, 16, 281
"/home/rfinneru/Codam/rank05/webserv/webserv/src/Webserv.cpp", "C++", 0, 0, 0, 142, 0, 0, 20, 13, 175
"/home/rfinneru/Codam/rank05/webserv/webserv/src/execute.cpp", "C++", 0, 0, 0, 582, 0, 0, 14, 59, 655
"/home/rfinneru/Codam/rank05/webserv/webserv/src/main.cpp", "C++", 0, 0, 0, 18, 0, 0, 11, 4, 33
"/home/rfinneru/Codam/rank05/webserv/webserv/src/request/handleFiles.cpp", "C++", 0, 0, 0, 120, 0, 0, 13, 16, 149
"/home/rfinneru/Codam/rank05/webserv/webserv/src/request/parseRequest.cpp", "C++", 0, 0, 0, 148, 0, 0, 11, 10, 169
"/home/rfinneru/Codam/rank05/webserv/webserv/src/request/requestUtils.cpp", "C++", 0, 0, 0, 49, 0, 0, 15, 6, 70
"/home/rfinneru/Codam/rank05/webserv/webserv/src/response/fillResponse.cpp", "C++", 0, 0, 0, 87, 0, 0, 11, 6, 104
"/home/rfinneru/Codam/rank05/webserv/webserv/src/response/status.cpp", "C++", 0, 0, 0, 23, 0, 0, 11, 4, 38
"/home/rfinneru/Codam/rank05/webserv/webserv/src/server/serverUtils.cpp", "C++", 0, 0, 0, 27, 0, 0, 11, 5, 43
"/home/rfinneru/Codam/rank05/webserv/webserv/src/utils/Cfunctions.cpp", "C++", 0, 0, 0, 36, 0, 0, 0, 5, 41
"/home/rfinneru/Codam/rank05/webserv/webserv/src/utils/autoindex.cpp", "C++", 0, 0, 0, 52, 0, 0, 13, 17, 82
"/home/rfinneru/Codam/rank05/webserv/webserv/src/utils/utils.cpp", "C++", 0, 0, 0, 53, 0, 0, 0, 7, 60
"/home/rfinneru/Codam/rank05/webserv/webserv/test.sh", "Shell Script", 22, 0, 0, 0, 0, 0, 5, 5, 32
"Total", "-", 22, 79, 52, 3393, 437, 54, 409, 463, 4909